aor|total_pop|total_pop_se|total_pop_low|total_pop_upp|forborn_pop|forborn_pop_se|forborn_pop_low|forborn_pop_upp|noncitizen_pop|noncitizen_pop_se|noncitizen_pop_low|noncitizen_pop_upp|undocu_pop|undocu_pop_se|undocu_pop_low|undocu_pop_upp|year
ATL|18542235|4154.190137680267|18533966.291367117|18550503.708632883|1768281|16267.640017839096|1735901.0725065442|1800660.9274934558|1128531|14627.817292747404|1099415.057994443|1157646.942005557|601446|12349.824444096364|576864.2893389432|626027.7106610568|2012
BAL|4542240|940.179158458642|4540368.620196392|4544111.379803608|773503|9445.521176727096|754702.1603880504|792303.8396119496|404899|7743.265938865848|389486.41468411667|420311.58531588333|172542|5441.789154313129|161710.3896337694|183373.6103662306|2012
BOS|11488009|3061.4044897726276|11481915.426789733|11494102.573210267|1648757|16601.46575757695|1615712.6089927028|1681801.3910072972|800266|12266.798384256586|775849.5485772059|824682.4514227941|205057|6067.918073771267|192979.1111944028|217134.8888055972|2012
BUF|4797334|2760.2205618392168|4791839.918402405|4802828.081597595|296658|6693.715388332552|283334.4927980728|309981.5072019272|136929|4906.935535545581|127161.98913168762|146696.01086831238|23026|1898.793643343057|19246.54579342418|26805.45420657582|2012
CHI|29323968|6893.387915241678|29310247.05457491|29337688.94542509|2690481|20655.382409919213|2649367.4897397924|2731594.5102602076|1498639|18979.37689572553|1460861.4952678662|1536416.5047321338|660302|13548.275895847411|633334.8313948547|687269.1686051453|2012
DAL|10364992|3823.7430745278903|10357381.02979344|10372602.97020656|1507103|14702.183164414731|1477839.0364295489|1536366.9635704511|1007404|13128.408745921952|981272.5560516926|1033535.4439483074|558046|10280.952249183923|537582.276434246|578509.723565754|2012
DEN|4396585|1820.6500487463263|4392961.086727717|4400208.913272283|482803|9019.41295484357|464850.3075878792|500755.6924121208|285944|7840.328258434082|270338.21696972667|301549.78303027333|140574|5443.999214731759|129737.99061854451|151410.0093814555|2012
DET|16511299|4001.03154199014|16503335.145926109|16519262.854073891|945563|11491.394267015645|922689.9518653814|968436.0481346186|462347|9278.576528756985|443878.4553976993|480815.5446023007|128939|6102.363316781459|116792.54965321172|141085.45034678828|2012
ELP|2526901|2816.0069868521277|2521295.8783010105|2532506.1216989895|436301|8545.470159681092|419291.66712414747|453310.33287585253|268013|6708.810498143468|254659.44673357625|281366.55326642375|113358|5128.520156926363|103149.93597547647|123566.06402452353|2012
HOU|6293088|3100.443677927403|6286916.721229463|6299259.278770537|1445626|14422.176349289311|1416919.376053581|1474332.623946419|917105|14038.941820878095|889161.1853012247|945048.8146987752|440678|9567.959296527131|421633.45340675424|459722.54659324576|2012
LOS|14287136|3639.8555259790182|14279891.048803108|14294380.951196892|5434442|24113.62672536008|5386445.026615096|5482438.973384904|2766038|22131.101832037195|2721987.1437057974|2810088.8562942026|1121101|16312.059945022273|1088632.656853144|1153569.343146856|2012
MIA|15319646|2241.5232097839184|15315184.35965585|15324107.64034415|3551685|20802.376099859364|3510278.9061187487|3593091.0938812513|1679373|16620.018322793752|1646291.6810353666|1712454.3189646334|571163|10461.70450261333|550339.4980734078|591986.5019265922|2012
NEW|6838531|1209.9110297869013|6836122.732336401|6840939.267663599|1762209|13763.659355345875|1734813.121342616|1789604.878657384|820689|13607.702667974489|793603.545363781|847774.454636219|328431|10559.381250812|307413.0773694212|349448.9226305788|2012
NOL|16621075|4765.656476289495|16611589.198064884|16630560.801935116|726378|9307.113926991546|707852.6531273839|744903.3468726161|457836|8813.006759897555|440294.1488420024|475377.8511579976|235713|7089.627775842679|221601.4489031206|249824.5510968794|2012
NYC|10517239|2757.147121573312|10511751.03593223|10522726.96406777|3921235|20853.7199810969|3879726.7086795457|3962743.2913204543|1782758|16743.005986082666|1749431.8802151177|1816084.1197848823|637351|11655.404594007025|614151.4974755415|660550.5025244585|2012
PHI|12213628|2846.064212206042|12207963.050890489|12219292.949109511|799156|11375.423488820095|776513.7859252213|821798.2140747787|378046|9551.803300947942|359033.61111155135|397058.38888844865|125160|6639.762665186158|111943.88300720204|138376.11699279794|2012
PHO|4933281|1728.9130400341137|4929839.684675994|4936722.315324006|833634|11175.614137487031|811389.4964905882|855878.5035094118|496356|8947.149263871706|478547.14486676623|514164.85513323377|221512|7518.056394441319|206547.6830691623|236476.3169308377|2012
SEA|8902530|3082.4965044586834|8896394.4441846665|8908665.5558153335|1234893|14554.808792972855|1205922.3777781678|1263863.6222218322|656244|11652.058996160293|633051.1567214789|679436.8432785211|266874|7677.160161804624|251592.9949419656|282155.0050580344|2012
SFR|13035513|3999.62841399048|13027551.93878253|13043474.06121747|3836882|20841.679310938453|3795397.6750339936|3878366.3249660064|1946684|18234.321675071988|1910389.4905884492|1982978.5094115508|720798|11914.525026202262|697082.7311568036|744513.2688431964|2012
SLC|6021194|2468.1681061062272|6016281.2342743175|6026106.7657256825|815972|9526.274956665906|797010.4240097944|834933.5759902056|464200|9984.455969155257|444326.4375171615|484073.5624828385|233484|8517.684242210438|216529.9736094184|250438.0263905816|2012
SNA|5317514|3512.247528292959|5310523.046168929|5324504.953831071|1028901|12938.328848811969|1003147.9006228556|1054654.0993771444|676058|12691.11019572362|650796.9770428682|701319.0229571318|307706|8547.383918486405|290692.8578825311|324719.1421174689|2012
SND|2579351|2479.286117010298|2574416.104427176|2584285.895572824|761582|10807.999972242784|740069.2141830821|783094.7858169179|379993|8462.252342018643|363149.3080468086|396836.6919531914|143426|6301.5604535702105|130883.05767041331|155968.9423295867|2012
SPM|9022425|4888.869015426779|9012693.949640457|9032156.050359543|619913|11266.680844419086|597487.2327446303|642338.7672553697|342912|11053.489478440732|320910.57954386115|364913.4204561389|137038|6811.740133769051|123479.5704187064|150596.4295812936|2012
WAS|6853832|1929.7668641574296|6849990.895139542|6857673.104860458|962569|10206.711167168394|942253.0496115516|982884.9503884484|498508|8794.967262588303|481002.055563214|516013.944436786|185253|6885.645133173798|171547.46619710416|198958.53380289584|2012
ATL|18765761|3567.6373274199273|18758659.795531612|18772862.204468388|1803470|15502.171201157598|1772613.7000736324|1834326.2999263676|1128983|14282.001965760965|1100555.386184744|1157410.613815256|610117|10609.472133428691|588999.3739615862|631234.6260384138|2013
BAL|4584537|1152.027104715857|4582243.947407228|4586830.052592772|778325|10805.95435396615|756816.285884411|799833.714115589|377947|7775.755535637679|362469.7457593919|393424.2542406081|153928|5038.353560440157|143899.40809640818|163956.59190359182|2013
BOS|11576107|2512.529651566326|11571105.93482683|11581108.06517317|1717748|16714.403387497863|1684478.8122634836|1751017.1877365164|805993|13216.033652348196|779687.1430382751|832298.8569617249|207134|7031.177924075027|193138.79042285943|221129.20957714057|2013
BUF|4809921|2628.169724351911|4804689.759019643|4815152.240980357|298956|7061.948449259596|284899.54322453693|313012.45677546307|136503|4854.445478115909|126840.4679775335|146165.5320224665|24909|1894.8346365844172|21137.425999259216|28680.574000740784|2013
CHI|29487737|6772.594262909894|29474256.48832559|29501217.51167441|2752120|21157.338250592868|2710007.3716311976|2794232.6283688024|1506290|19356.1268388074|1467762.5932644547|1544817.4067355453|641416|13264.422737156714|615013.8269742451|667818.1730257549|2013
DAL|10497594|4344.810726602484|10488945.870575825|10506242.129424175|1550007|15266.598167240796|1519619.5964685166|1580394.4035314834|1016799|14146.50774926448|988641.0806764544|1044956.9193235456|577050|10812.128391302058|555528.9967704976|598571.0032295024|2013
DEN|4470170|2802.5945925160136|4464591.575004137|4475748.424995863|479600|7829.299904844622|464016.1683584473|495183.8316415527|283748|7181.17746612629|269454.22380284907|298041.77619715093|126344|5410.563020610702|115574.54369816207|137113.45630183793|2013
DET|16582189|4641.099761909886|16572951.122003209|16591426.877996791|1000964|13861.393270519382|973373.5868506122|1028554.4131493878|481308|11057.17310165668|459299.24747525656|503316.75252474344|143615|5855.100024764735|131960.7149247886|155269.2850752114|2013
ELP|2544787|2293.9050547047495|2540221.096201615|2549352.903798385|474384|9171.770254427442|456128.0479688925|492639.9520311075|293985|9059.745374457276|275952.0279147801|312017.9720852199|129932|6105.8053318133225|117778.69849366794|142085.30150633206|2013
HOU|6413737|2893.0094192726024|6407978.608793211|6419495.391206789|1520518|12600.9293010476|1495436.4776236347|1545599.5223763653|957415|13245.283226492364|931050.9232172706|983779.0767827294|475849|10760.19159448381|454431.3743786432|497266.6256213568|2013
LOS|14472609|3484.1596332544814|14465673.953725511|14479544.046274489|5424343|24910.632604371975|5374759.626095662|5473926.373904338|2714274|22152.469584676102|2670180.612258065|2758367.387741935|1128289|16030.070856050512|1096381.9420945705|1160196.0579054295|2013
MIA|15527750|2691.797354928487|15522392.111388983|15533107.888611017|3596532|22300.450487602266|3552144.0636387253|3640919.936361274|1619498|16585.490074158195|1586485.407795122|1652510.592204878|545649|11341.436597715478|523074.4351397656|568223.5648602345|2013
NEW|6879591|1131.115246117742|6877339.571420571|6881842.428579429|1798726|14451.538056553012|1769960.933037185|1827491.066962815|824264|11903.493251982798|800570.689354118|847957.310645882|342596|7933.680561378811|326804.40385870484|358387.59614129516|2013
NOL|16746695|4769.80676233325|16737200.937127156|16756189.062872844|770768|10665.222470722309|749539.4056909997|791996.5943090003|474636|9447.241057578663|455831.73705084785|493440.26294915215|252209|8164.912378586803|235957.14843953133|268460.85156046867|2013
NYC|10611477|4067.2104199315777|10603381.420164596|10619572.579835404|3868607|24570.402672728014|3819700.8368346295|3917513.1631653705|1723883|20372.198987836346|1683333.1522418112|1764432.8477581888|618812|10052.465461268694|598803.0680092867|638820.9319907133|2013
PHI|12258576|3619.224226267281|12251372.114377957|12265779.885622043|843058|13176.53548927031|816830.7621652771|869285.2378347229|397905|9469.355500771951|379056.71935274464|416753.28064725536|143037|6292.584349851816|130511.92415794665|155562.07584205337|2013
PHO|5012262|1430.806905211182|5009414.050094724|5015109.949905276|834413|11852.248257187326|810821.6899647819|858004.3100352181|503701|10115.354200422247|483566.89110521734|523835.10889478266|227722|7895.548967614602|212006.30289752924|243437.69710247076|2013
SEA|8996949|2765.430400498266|8991444.548477951|9002453.451522049|1294583|10504.056026126287|1273675.199474528|1315490.800525472|698099|11132.473076545031|675940.3666244097|720257.6333755903|269870|8306.680182238872|253335.9666849482|286404.0333150518|2013
SFR|13179935|3842.687009112244|13172286.322834864|13187583.677165136|3875559|19669.80516934522|3836407.232165491|3914710.767834509|1901905|19364.654427590493|1863360.6195235688|1940449.3804764312|684488|11491.72535131257|661614.292858573|707361.707141427|2013
SLC|6108358|2145.0179836075968|6104088.448503581|6112627.551496419|825081|10259.874645920389|804659.230354093|845502.769645907|451397|7945.007086214587|435582.8589749643|467211.1410250357|219915|6977.5219347559205|206026.58999807975|233803.41000192025|2013
SNA|5416618|4204.537168345643|5408249.078109346|5424986.921890654|1044208|13124.972230446814|1018083.3962646426|1070332.6037353575|697184|12071.575071215851|673156.1308616896|721211.8691383104|327885|8854.426460816081|310260.7049896014|345509.2950103986|2013
SND|2611326|1749.7699848837276|2607843.169965734|2614808.830034266|776912|11577.915380153718|753866.7358975464|799957.2641024536|389977|10714.58929450868|368650.14348621573|411303.85651378427|151862|8015.637828644705|135907.27199884556|167816.72800115444|2013
SPM|9118880|4815.395949452132|9109295.194120072|9128464.805879928|638023|11324.373029002532|615482.3993236976|660563.6006763024|345861|10259.35733123669|325440.2600432139|366281.7399567861|134832|6859.268251788962|121178.96806620182|148485.0319337982|2013
WAS|6932047|2493.564276292071|6927083.684462032|6937010.315537968|977921|11261.512220834287|955505.5206325311|1000336.4793674689|494119|10256.74579484156|473703.4581763806|514534.5418236194|183288|6874.290508845258|169605.06701148598|196970.932988514|2013
ATL|19013406|4199.63641878675|19005046.832807336|19021765.167192664|1845453|15796.250331961695|1814011.3502058992|1876894.6497941008|1114451|12769.4839010823|1089033.9780845605|1139868.0219154395|625570|10735.68389763782|604201.1557289826|646938.8442710174|2014
BAL|4629135|1095.2373487057498|4626954.984589017|4631315.015410983|826172|11162.08779306094|803954.4200056947|848389.5799943053|404334|9734.1472970158|384958.6644662439|423709.3355337561|154616|6587.354768797563|141504.19831558646|167727.80168441354|2014
BOS|11659365|2549.8584078336585|11654289.63379607|11664440.36620393|1714326|17043.275075524656|1680402.209542912|1748249.790457088|818765|13655.711766510012|791583.9856435081|845946.0143564919|194657|8070.24085762005|178593.5873883424|210720.4126116576|2014
BUF|4817284|3179.698389784792|4810954.9686715845|4823613.0313284155|306400|6864.9354876794|292735.68771533226|320064.31228466774|133352|4439.2671636205905|124515.85974090367|142188.1402590963|17614|1621.0399285643769|14387.400733397604|20840.599266602396|2014
CHI|29625909|8155.5983624747|29609675.68752486|29642142.31247514|2761750|21276.95531085216|2719399.279828457|2804100.720171543|1433270|18898.77439544692|1395652.9305314908|1470887.0694685092|610684|13429.260309116062|583953.7259944848|637414.2740055152|2014
DAL|10665349|4285.3526867692|10656819.21884371|10673878.78115629|1596482|14727.22213793219|1567168.197599447|1625795.802400553|1035562|14138.202979869826|1007420.610906442|1063703.389093558|566087|9537.983799000707|547102.1181421075|585071.8818578925|2014
DEN|4555344|1911.7544690676152|4551538.747915136|4559149.252084864|517624|10060.519549208182|497599.03674825426|537648.9632517458|304478|8267.583658482085|288021.78636887914|320934.21363112086|146523|6130.9340887013295|134319.68095423738|158726.31904576262|2014
DET|16651705|3479.5022776253504|16644779.223960005|16658630.776039995|1024590|14644.542693440448|995440.7669171174|1053739.2330828826|488367|11540.0572203954|465397.0906795963|511336.9093204037|137427|6133.064246361683|125219.4409814745|149634.5590185255|2014
ELP|2572894|3209.102849707376|2566506.44055815|2579281.55944185|472583|9866.818676756962|452943.5886905466|492222.4113094534|288041|8462.650240911531|271196.5160488736|304885.4839511264|124839|5944.790593452389|113006.1903134886|136671.8096865114|2014
HOU|6574162|3217.469696826996|6567757.786765542|6580566.213234458|1583690|12196.170036121996|1559414.130787599|1607965.869212401|998370|12003.309002104375|974478.011073304|1022261.988926696|496742|9481.76898052257|477869.01093936537|515614.98906063463|2014
LOS|14704007|3526.028530797787|14696988.615769597|14711025.384230403|5527534|24825.489333545873|5478120.099536978|5576947.900463022|2760281|19503.28064967533|2721460.6909306766|2799101.3090693234|1072904|14743.504914029092|1043557.787544342|1102250.2124556582|2014
MIA|15841290|2124.7749645550703|15837060.74122511|15845519.25877489|3761127|19503.275412094248|3722306.701355821|3799947.298644179|1683854|18562.08463373659|1646907.0947384697|1720800.9052615303|560874|11792.960385331582|537400.6995217812|584347.3004782188|2014
NEW|6926870|1302.5022840670954|6924277.434054853|6929462.565945147|1846898|17214.835060203164|1812632.7279353417|1881163.2720646583|813351|12493.017123577474|788484.2714399666|838217.7285600334|331502|8425.866804074225|314730.7316484594|348273.2683515406|2014
NOL|16855789|4667.037207908246|16846499.49480837|16865078.50519163|797573|10120.745844551182|777428.1593060273|817717.8406939727|509438|12214.393695554438|485125.8575008501|533750.1424991499|272343|9263.036842742236|253905.3863689943|290780.6136310057|2014
NYC|10710332|3175.578907852866|10704011.168295262|10716652.831704738|3938687|21901.490678718652|3895093.173274191|3982280.826725809|1739984|21421.400610137516|1697345.768652128|1782622.231347872|581359|11810.32520297388|557851.1357168545|604866.8642831455|2014
PHI|12296961|4436.392306818683|12288130.58200023|12305791.41799977|850216|12317.629290979656|825698.3721882327|874733.6278117673|403191|11075.72546382403|381145.31992208026|425236.68007791974|136649|7195.446139747|122326.82271844102|150971.17728155898|2014
PHO|5110238|2030.14605385918|5106197.095360298|5114278.904639702|862345|11375.135432160798|839703.3592876594|884986.6407123406|506706|9270.675166890487|488253.1826650876|525158.8173349124|221804|6642.626107195858|208582.18346845187|235025.81653154813|2014
SEA|9123039|2830.0943888852894|9117405.838028671|9128672.161971329|1280038|14617.335737062347|1250942.92100916|1309133.07899084|683354|12145.8899097596|659178.210875687|707529.789124313|262939|7209.108786805758|248589.6278997306|277288.37210026936|2014
SFR|13404403|4488.864850939489|13395468.138013752|13413337.861986248|3926354|20323.11423232178|3885901.853003744|3966806.146996256|1911667|19067.183551851595|1873714.7204907208|1949619.2795092792|636077|12527.155295596842|611142.3211082938|661011.6788917062|2014
SLC|6218624|2643.776938397035|6213361.693637166|6223886.306362834|869286|10991.327738267111|847408.309392658|891163.690607342|483401|10209.873774929834|463078.75459826784|503723.24540173216|246015|6938.759204641707|232203.74528238468|259826.25471761532|2014
SNA|5550139|4393.214472342547|5541394.52532994|5558883.47467006|1074121|14340.178790726426|1045577.5881112608|1102664.411888739|706439|11767.388850123038|683016.598389413|729861.401610587|328649|7920.875115793709|312882.8924605618|344415.1075394382|2014
SND|2661047|2700.035073846264|2655672.714619634|2666421.285380366|780431|10009.842688574085|760506.9065161572|800355.0934838428|389898|9199.073798486454|371587.7016238802|408208.2983761198|128920|5559.540722937462|117854.01099924617|139985.98900075382|2014
SPM|9192475|4427.67253757547|9183661.938266752|9201288.061733248|683261|11893.617893643632|659587.3457632002|706934.6542367998|366625|8995.106502982608|348720.68837009586|384529.31162990414|139998|6316.340344693278|127425.63903302024|152570.3609669798|2014
WAS|7003828|2056.2306412462585|6999735.17528785|7007920.82471215|1015885|10867.111870225686|994254.554893315|1037515.445106685|516707|10156.195596777368|496491.5983392562|536922.4016607439|202368|8402.939467829101|185642.36736970852|219093.63263029148|2014
ATL|19276915|3491.8577147415385|19269964.6310776|19283865.3689224|1913414|16189.498540720771|1881189.609226102|1945638.390773898|1129717|13872.693285732226|1102104.0947329565|1157329.9052670435|620249|11306.747144957297|597743.4827683008|642754.5172316992|2015
BAL|4660389|1047.9977814862016|4658303.01259552|4662474.98740448|849071|10472.150323596392|828226.706186836|869915.293813164|412099|8345.058585773979|395488.57638356346|428709.42361643654|157168|5604.0652878067|146013.3870697418|168322.6129302582|2015
BOS|11735297|2700.748201887766|11729921.295173774|11740672.704826226|1799504|16454.59763409607|1766751.9426799612|1832256.0573200388|851043|14266.560361558772|822646.1219290745|879439.8780709255|195658|6782.798390045218|182157.17751858593|209158.82248141407|2015
BUF|4811393|3098.0100306487066|4805226.5652832|4817559.4347168|331007|6868.694770478595|317335.2050500943|344678.7949499057|144765|4170.3248314729635|136464.17606246672|153065.82393753328|21538|1792.7953313192222|17969.530155876062|25106.469844123934|2015
CHI|29734461|7013.684969400892|29720500.60927817|29748421.39072183|2851927|22728.79173317403|2806686.471716427|2897167.528283573|1528629|20540.88426772324|1487743.3925909975|1569514.6074090025|644120|12756.487277068089|618728.8472175619|669511.1527824381|2015
DAL|10826070|3744.941214491891|10818615.880972316|10833524.119027684|1659844|13580.315250390911|1632813.058654868|1686874.941345132|1059235|13990.627614585415|1031387.3523232972|1087082.647676703|573804|10272.449396322185|553357.2009395121|594250.7990604879|2015
DEN|4645730|2385.2501545959494|4640982.278328333|4650477.721671667|512890|9685.01367061503|493612.46250324266|532167.5374967573|311671|8450.564191224157|294850.5727290147|328491.4272709853|146603|4742.866622623917|137162.56013390477|156043.43986609523|2015
DET|16707447|4944.854927093413|16697604.51247081|16717289.48752919|1067105|15034.02476384817|1037180.5222481936|1097029.4777518066|501912|11210.466769943168|479598.1240609888|524225.8759390112|125968|5702.141654676776|114618.17094468664|137317.82905531337|2015
ELP|2582949|2873.4394721309163|2577229.5617986135|2588668.4382013865|454522|9053.484735172418|436501.4894055608|472542.5105944392|273098|8488.3186320967|256202.4243942428|289993.5756057572|121475|5975.505643876509|109581.05353491468|133368.94646508532|2015
HOU|6727567|3025.3319652560444|6721545.2273537405|6733588.7726462595|1635836|17192.280203626276|1601615.6222543567|1670056.3777456433|1016492|14445.251517367222|987739.4460804294|1045244.5539195706|495573|9098.405843882763|477463.0761752845|513682.9238247155|2015
LOS|14875945|4397.659593465597|14867191.677537668|14884698.322462332|5594403|21440.976633539805|5551725.803552232|5637080.196447768|2746953|20138.395011767945|2706868.52741513|2787037.47258487|969078|14788.759628515165|939641.7102883792|998514.2897116208|2015
MIA|16169195|2156.0809933766404|16164903.42813346|16173486.57186654|3873226|23582.422966056733|3826286.3612494767|3920165.6387505233|1712918|22899.317286766433|1667338.0490924292|1758497.9509075708|569731|12635.05375136964|544581.5546043173|594880.4453956827|2015
NEW|6960879|1564.2876653608184|6957765.363287622|6963992.636712378|1866517|15272.29809164292|1836118.251052792|1896915.748947208|792400|11971.76661984354|768570.7946147064|816229.2053852936|303784|9117.027892904574|285637.0099138941|321930.9900861059|2015
NOL|16949573|5165.01259921019|16939292.29958606|16959853.70041394|811972|10293.832104712026|791482.6397231023|832461.3602768977|504203|10495.368566658344|483312.4914300522|525093.5085699478|262721|8151.393721321527|246496.05665372705|278945.943346273|2015
NYC|10781114|2793.699554354405|10775553.280134715|10786674.719865285|3961551|25899.20925337297|3909999.9134968296|4013102.0865031704|1715531|20140.60081775119|1675442.136868146|1755619.863131854|541161|11747.662452590304|517777.86280152906|564544.137198471|2015
PHI|12322903|3975.340394230411|12314990.282876568|12330815.717123432|872825|12770.3891835762|847406.1761648302|898243.8238351698|420509|10511.67297341389|399586.0383201979|441431.9616798021|128832|6613.535484141595|115668.08690522597|141995.91309477406|2015
PHO|5207988|1905.7925910234828|5204194.614736542|5211781.385263458|859130|9536.53543746365|840148.0010336334|878111.9989663666|488574|8957.140101617257|470745.2586016752|506402.7413983248|197729|6102.288632144501|185582.69830926304|209875.30169073696|2015
SEA|9279272|2242.3294583981187|9274808.754858129|9283735.245141871|1349513|16225.200941744914|1317217.5453744775|1381808.4546255225|704220|14622.10472025146|675115.4285855686|733324.5714144314|250439|8543.393049602717|233433.80150833965|267444.19849166035|2015
SFR|13577976|4916.0518864226815|13568190.843489168|13587761.156510832|4054537|20313.59308074276|4014103.8043819065|4094970.1956180935|1975568|19452.53612128763|1936848.6953878736|2014287.3046121264|583282|10996.438027834289|561394.1376157147|605169.8623842853|2015
SLC|6337965|2201.658045655592|6333582.70928017|6342347.29071983|878408|11683.789154208493|855151.9994217212|901664.0005782788|481396|10825.69824306959|459847.9866561942|502944.0133438058|243108|8485.406881817747|226218.22008819768|259997.77991180232|2015
SNA|5668614|4253.138987853559|5660148.338607489|5677079.661392511|1093155|13812.617550631016|1065661.672492518|1120648.327507482|705402|12030.432839262268|681456.022425931|729347.977574069|342618|9647.283190100725|323415.5631461144|361820.4368538856|2015
SND|2702187|2273.354129914651|2697662.0017941836|2706711.9982058164|813218|10759.239296994932|791802.2698793801|834633.7301206199|379824|10042.873786919758|359834.15975951095|399813.84024048905|116130|5139.778540949017|105899.52672263172|126360.47327736828|2015
SPM|9267562|5085.147869039798|9257440.26635502|9277683.73364498|699969|12647.242173691464|674795.2941565445|725142.7058434555|377773|9215.272109384508|359430.4596925478|396115.5403074522|138803|6086.106698867512|126688.90764175616|150917.09235824383|2015
WAS|7067286|2160.025532256506|7062986.5767252175|7071585.4232747825|1037806|10757.375479177066|1016393.9797159476|1059218.0202840525|496433|10453.377533122966|475626.0724915805|517239.9275084195|184931|6885.989257180119|171224.78123540344|198637.21876459656|2015
ATL|19512892|3926.942423820344|19505075.616626944|19520708.383373056|1922278|16742.67579719562|1888952.5374396571|1955603.4625603429|1116401|14743.811245739686|1087054.177806324|1145747.822193676|583561|11530.238625024202|560610.634104817|606511.365895183|2016
BAL|4670079|1022.2420946136|4668044.278007871|4672113.721992129|851741|10830.165626619011|830184.0945516691|873297.9054483309|408082|8896.895076373554|390373.1733248369|425790.8266751631|165522|6326.168587699825|152930.07640466164|178113.92359533836|2016
BOS|11763034|2661.64038705457|11757736.13733203|11768331.86266797|1818240|15640.641393497905|1787108.082050178|1849371.917949822|824641|12182.295089596211|800392.7481778278|848889.2518221722|177374|5409.01247456502|166607.62998286466|188140.37001713537|2016
BUF|4806681|3460.755755611771|4799792.537978687|4813569.462021313|331840|7807.262026472533|316300.03365808603|347379.96634191397|145985|4529.962091452863|136968.33600273315|155001.66399726685|27313|2572.2051531711077|22193.15371211555|32432.84628788445|2016
CHI|29757879|7162.577008312022|29743622.247088015|29772135.752911985|2849896|21238.27296886449|2807622.2751041986|2892169.7248958014|1482273|18117.655183549556|1446210.7094310268|1518335.2905689732|597528|12679.332259626291|572290.4204382492|622765.5795617508|2016
DAL|10949941|4078.310912620567|10941823.32518659|10958058.67481341|1697730|13427.174745641763|1671003.877204741|1724456.122795259|1077564|12539.63196429624|1052604.486920458|1102523.513079542|582968|11089.320391710216|560895.2598950112|605040.7401049888|2016
DEN|4725979|1942.2313585152517|4722113.085184128|4729844.914815872|517821|8820.296165662467|500264.6396427651|535377.3603572348|309876|7789.8165607413375|294370.7579890183|325381.2420109817|147661|5420.354259640231|136872.05472437732|158449.94527562268|2016
DET|16750369|4287.479067004293|16741834.986389725|16758903.013610275|1077153|14829.525987030063|1047635.5668815027|1106670.4331184973|498910|10655.507833979573|477700.7421917466|520119.2578082534|116762|5006.492045334738|106796.826855848|126727.173144152|2016
ELP|2593698|2521.115526904707|2588679.8450694582|2598716.1549305418|450819|8242.689676313188|434412.3366009207|467225.6633990793|256253|7434.971428996887|241454.05955609816|271051.94044390187|109474|4744.64764234395|100030.0151028286|118917.9848971714|2016
HOU|6827132|3474.324819299428|6820216.529433018|6834047.470566982|1677362|15243.810065072315|1647019.9550512687|1707704.0449487313|1025297|16018.44249607308|993413.087766132|1057180.912233868|486417|12404.05110034621|461727.35387961066|511106.64612038934|2016
LOS|14920801|3575.2595570112107|14913684.62386312|14927917.37613688|5559698|23956.760576087912|5512013.260874893|5607382.739125107|2683890|20536.228385465525|2643013.659892816|2724766.340107184|917219|14271.2582223853|888812.7710710047|945625.2289289952|2016
MIA|16469863|3138.644532278225|16463615.68433089|16476110.31566911|4013752|24398.535767541463|3965187.92935219|4062316.07064781|1733625|17974.23181529603|1697848.1865045188|1769401.8134954812|576261|12846.558659812365|550690.5646148428|601831.4353851572|2016
NEW|6962122|1390.9282512049283|6959353.426569974|6964890.573430026|1901308|14667.317968872156|1872113.4338653465|1930502.5661346535|828702|14003.50342057301|800828.7236725622|856575.2763274378|311760|9856.278382330727|292141.56862180313|331378.43137819687|2016
NOL|17026371|5891.339724544834|17014644.581606742|17038097.418393258|795595|10236.866209929678|775219.0275003478|815970.9724996522|487146|9057.559536100218|469117.3787171974|505174.6212828026|250083|6997.77659689133|236154.27410157415|264011.7258984258|2016
NYC|10765578|3310.4240664905756|10758988.765720904|10772167.234279096|3975265|23278.960379492895|3928929.388418699|4021600.611581301|1724850|20507.3194628162|1684031.2016639812|1765668.7983360188|537147|14257.88400850561|508767.3917778332|565526.6082221668|2016
PHI|12321690|3671.50185891278|12314382.058353066|12328997.941646934|912868|14269.080308485198|884466.1061001851|941269.8938998148|413193|10819.327266517084|391657.6677678125|434728.3322321875|129228|6313.930590369204|116660.43552902118|141795.56447097883|2016
PHO|5302751|1556.3637267682643|5299653.135492859|5305848.864507141|889567|12426.094169126516|864833.4782487227|914300.5217512771|502315|9833.35447850834|482742.1975109857|521887.8024890143|188845|7132.489537321453|174648.13470097433|203041.86529902567|2016
SEA|9444680|2989.169458227486|9438730.207023457|9450629.792976543|1381828|16222.130066671269|1349538.6577984137|1414117.3422015863|705095|13462.55457927655|678298.4554074444|731891.5445925556|242851|8084.67113431338|226758.8646410645|258943.1353589355|2016
SFR|13645007|3735.27443436222|13637572.122216856|13652441.877783144|4091715|21540.25664656761|4048840.191629429|4134589.808370571|1992223|20103.757714666182|1952207.471230427|2032238.528769573|578007|10511.060079744571|557085.258254531|598928.741745469|2016
SLC|6453741|2247.9936165389795|6449266.480633364|6458215.519366636|907555|11452.978795929032|884758.4159478819|930351.584052118|496397|9411.286341409446|477664.3031232056|515129.6968767944|240799|7559.404930283865|225752.3808673018|255845.6191326982|2016
SNA|5769587|4034.379661112722|5761556.76815539|5777617.23184461|1096379|14317.20807978986|1067881.3101676735|1124876.6898323265|686979|13739.280363250473|659631.6465125574|714326.3534874426|344123|10126.629276318949|323966.4486280284|364279.5513719716|2016
SND|2717317|2104.143198548996|2713128.807728094|2721505.192271906|811509|11703.663836594078|788213.4398559886|834804.5601440114|376795|9607.68357878214|357671.3842007885|395918.6157992115|112126|5375.195405750381|101426.94117459614|122825.05882540386|2016
SPM|9319395|3540.13275174816|9312348.54202004|9326441.45797996|726563|10283.01940336592|706095.1618667698|747030.8381332302|389074|10343.165936984671|368486.44318628375|409661.55681371625|154376|6727.969976151796|140984.31074654666|167767.68925345334|2016
WAS|7108321|2089.496889205629|7104161.960477605|7112480.039522395|1042894|10799.758939439344|1021397.6175485584|1064390.3824514418|490922|10301.119048433524|470418.1354244399|511425.8645755601|193297|6800.181920360661|179761.576467015|206832.423532985|2016
ATL|19812233|4132.747935696055|19804006.971002564|19820459.028997436|1970568|15612.326850921358|1939492.440737402|2001643.559262598|1132262|14462.72161800814|1103474.6727149358|1161049.3272850642|564299|9567.882443362272|545254.6063791524|583343.3936208476|2017
BAL|4707057|1070.086234842781|4704927.046628892|4709186.953371108|859835|10690.376036417054|838556.3387708745|881113.6612291255|397985|9949.125898791312|378181.7602631448|417788.2397368552|152395|5420.007606083224|141606.74472102275|163183.25527897725|2017
BOS|11863564|2879.9372562609765|11857831.628282826|11869296.371717174|1852954|14741.127146524448|1823612.5203721712|1882295.4796278288|852214|12764.690082410933|826806.5199419428|877621.4800580572|199426|6814.752614732248|185861.5742253399|212990.4257746601|2017
BUF|4805667|2972.471227783374|4799750.444019755|4811583.555980245|329528|6628.688493963192|316333.92559364095|342722.07440635905|141405|4935.327172538818|131581.47699186564|151228.52300813436|18072|1659.2261147896631|14769.393030997597|21374.606969002405|2017
CHI|29894855|8208.733967549442|29878515.923748568|29911194.076251432|2910493|24640.371725077526|2861447.566919671|2959538.433080329|1490047|19138.759656780272|1451952.2518176178|1528141.7481823822|601813|13243.749501179793|575451.9760211415|628174.0239788585|2017
DAL|11105533|4470.509462018843|11096634.67350149|11114431.32649851|1753709|17434.185274913194|1719007.122254358|1788410.877745642|1116600|14848.387338361024|1087045.0243007808|1146154.9756992192|573049|12006.163800315237|549151.3287396051|596946.6712603949|2017
DEN|4789857|2267.3674382419804|4785343.918005883|4794370.081994117|532942|9417.633025341347|514196.67036483914|551687.3296351609|301869|8820.399364541268|284312.4342305351|319425.5657694649|139004|6382.422482882185|126300.10582716964|151707.89417283033|2017
DET|16852893|4134.370828796082|16844663.740714654|16861122.259285346|1133257|15007.180861174427|1103385.9536999138|1163128.0463000862|526951|10253.262790448707|506542.39092320664|547359.6090767934|131632|5649.125795200528|120387.69637332667|142876.30362667333|2017
ELP|2603140|2977.381072352009|2597213.6712186015|2609066.3287813985|462424|8916.077366196416|444676.9919320262|480171.0080679738|257304|8413.485532167984|240557.3759537281|274050.6240462719|104516|5225.163126640163|94115.57295609236|114916.42704390764|2017
HOU|6932836|3417.994880042976|6926032.651372453|6939639.348627547|1716855|16115.79008146979|1684777.3222443138|1748932.6777556862|1014414|14414.156262161168|985723.3396376914|1043104.6603623086|480347|9785.07343355174|460870.2985270697|499823.7014729303|2017
LOS|15053335|3426.257856612663|15046515.204329005|15060154.795670995|5463686|24524.640414285383|5414870.924331567|5512501.075668433|2562071|21741.803260079418|2518795.023130193|2605346.976869807|827562|12520.027993179569|802641.5076488886|852482.4923511114|2017
MIA|16785710|2196.1196802542436|16781338.733120747|16790081.266879253|4120781|23906.12283181863|4073197.052783619|4168364.947216381|1759386|20340.707942448807|1718898.8335997232|1799873.1664002768|547345|13206.471650293275|521058.1757272755|573631.8242727245|2017
NEW|7029106|1506.5427474851151|7026107.301671548|7032104.698328452|1923639|17712.113508839084|1888383.9199427112|1958894.0800572888|817833|13029.690934554052|791898.0489400832|843767.9510599168|288851|8165.076141714785|272598.8224771788|305103.1775228212|2017
NOL|17132913|4071.4691820029784|17124808.943310738|17141017.056689262|838897|13388.497729394438|812247.8618798612|865546.1381201388|509587|11212.48452841742|487269.1078132094|531904.8921867905|258631|8454.055855031951|241803.6227460544|275458.37725394557|2017
NYC|10897386|3307.373217524748|10890802.838283869|10903969.161716131|3969554|24056.671991362397|3921670.392177355|4017437.607822645|1683196|21323.19530464419|1640753.2414230928|1725638.7585769072|489222|12857.352600749502|463630.07981283526|514813.92018716474|2017
PHI|12345501|3094.8571857195607|12339340.840864051|12351661.159135949|929315|14626.079320856974|900202.5173409577|958427.4826590423|423331|11542.235686815618|400356.7545506522|446305.2454493478|135805|6894.431771364483|122081.9768312703|149528.0231687297|2017
PHO|5384434|1884.6788187911488|5380682.640648921|5388185.359351079|879805|13052.756074867866|853824.1389266966|905785.8610733034|491951|11166.924012457504|469723.79375178006|514178.20624821994|190400|6567.187925588852|177328.3394128909|203471.6605871091|2017
SEA|9582801|2987.1757815702776|9576855.17533758|9588746.82466242|1430341|13137.714512045084|1404191.0333875564|1456490.9666124436|726814|11498.655993201988|703926.4977609671|749701.5022390329|230666|7602.154947776321|215534.2890859966|245797.7109140034|2017
SFR|13811641|4042.764827441735|13803594.077899309|13819687.922100691|4168371|23947.25029413607|4120705.1906176032|4216036.809382397|1969310|20715.031699227497|1928077.7607993488|2010542.2392006512|567401|11836.569538933143|543840.897672827|590961.102327173|2017
SLC|6586937|2237.781501845075|6582482.807339204|6591391.192660796|932395|11012.706202382771|910474.7566242644|954315.2433757356|493016|8649.970430585297|475798.6645379571|510233.3354620429|243121|7515.369827892704|228162.0305461138|258079.9694538862|2017
SNA|5882627|4940.565554670841|5872793.0502530495|5892460.9497469505|1109851|11841.482223522527|1086281.1192187532|1133420.8807812468|705931|11409.668851461029|683220.6222359532|728641.3777640468|332843|7597.592684528436|317720.37004383747|347965.62995616253|2017
SND|2743983|2293.7367983271315|2739417.4311075574|2748548.5688924426|807258|9573.935371622269|788201.5583268248|826314.4416731752|355232|7577.791330592312|340148.7836529425|370315.2163470575|101999|4910.758795746336|92224.37912261725|111773.62087738275|2017
SPM|9386734|4791.005291168024|9377197.742510982|9396270.257489018|774919|11891.355217131477|751249.8495081395|798588.1504918605|391839|9154.411073356932|373617.6005545037|410060.3994454963|132545|6077.942098276357|120447.15887271929|144642.84112728073|2017
WAS|7174089|2544.0873412679844|7169025.120816729|7179152.879183271|1081767|11782.284648997407|1058314.949043412|1105219.050956588|511982|11117.594773600988|489852.9811456325|534111.0188543674|185379|6268.967079990131|172900.93315770788|197857.06684229212|2017
ATL|20081722|3941.21342989694|20073877.2108999|20089566.7891001|1992331|17588.41941306836|1957322.1268816425|2027339.8731183575|1112302|15400.789879093863|1081647.4945474477|1142956.5054525523|547093|10480.783215008314|526231.5228463103|567954.4771536897|2018
BAL|4705812|1291.5543349003945|4703241.225402574|4708382.774597426|856065|10500.759543956809|835163.7609581552|876966.2390418448|379933|7585.403262187187|364834.6324820992|395031.3675179008|143909|5667.21595671102|132628.688807545|155189.311192455|2018
BOS|11931612|3157.994442680354|11925326.169297662|11937897.830702338|1892790|19251.96065859267|1854469.930859762|1931110.069140238|829071|13780.698148134588|801641.2064739276|856500.7935260724|187375|7411.692057148624|172622.39598668754|202127.6040133125|2018
BUF|4786444|3588.1646213628496|4779301.936975068|4793586.063024932|347479|7758.122562836966|332036.84331381007|362921.15668618993|141381|5361.715788812384|130708.7716809642|152053.2283190358|23736|2098.3444188216577|19559.349910421217|27912.650089578783|2018
CHI|29979445|6924.549071961293|29965662.029843967|29993227.970156033|2914071|20718.414171938937|2872832.0281558293|2955309.9718441707|1481995|18429.767339822825|1445311.4657239574|1518678.5342760426|601724|13184.568785136662|575480.7722898312|627967.2277101688|2018
DAL|11271731|3616.596134488893|11264532.34546379|11278929.65453621|1810374|16053.48419814216|1778420.339002882|1842327.660997118|1123116|13807.17185197606|1095633.5118845508|1150598.4881154492|558397|10221.700616824972|538051.2138583313|578742.7861416687|2018
DEN|4875627|2417.9342939790567|4870814.222176227|4880439.777823773|537218|9839.292738810042|517633.3776995198|556802.6223004803|293570|8471.712627916508|276707.4778187543|310432.5221812457|114326|5224.91814768423|103926.06057450672|124725.93942549328|2018
DET|16936142|3949.4260848887902|16928280.864019044|16944003.135980956|1159981|17257.31789415725|1125631.1679695663|1194330.8320304337|516281|11745.560612418634|492902.04640974064|539659.9535902594|127478|6436.670540737658|114666.12776900663|140289.87223099335|2018
ELP|2634677|2800.1778693504457|2629103.3853712697|2640250.6146287303|449594|9811.842349936123|430064.0163318248|469123.9836681752|247968|7707.668934249837|232626.26874943817|263309.73125056183|107159|5936.771340552034|95342.15223711|118975.84776289|2018
HOU|7024819|3930.35712753943|7016995.81982921|7032642.18017079|1730300|16589.557305726998|1697279.312173191|1763320.687826809|1017919|16058.718711341824|985954.9199649832|1049883.0800350169|479372|9825.856379980323|459814.1221027771|498929.8778972229|2018
LOS|15076991|3497.640569012202|15070029.1205941|15083952.8794059|5471493|23306.62080289633|5425102.331723121|5517883.668276879|2518880|20409.773167529325|2478255.362707942|2559504.637292058|834445|13599.23546931959|807376.3989011238|861513.6010988762|2018
MIA|17074850|2565.9214329359347|17069742.66114438|17079957.33885562|4218710|28366.114399050148|4162248.661630999|4275171.338369002|1733138|22951.82626829508|1687453.5325791067|1778822.4674208933|539829|13360.737459062657|513235.1173157792|566422.8826842208|2018
NEW|6958731|1281.3954697906497|6956180.446117767|6961281.553882233|1925106|15932.801757694722|1893392.5513918416|1956819.4486081584|762938|13490.840924493925|736085.1528456599|789790.8471543401|275839|8597.190450955475|258726.72045950725|292951.2795404928|2018
NOL|17215296|5166.460325987223|17205012.41795799|17225579.58204201|848087|10344.662889625744|827496.4635765846|868677.5364234154|509148|9874.217842442004|489493.8610196532|528802.1389803467|249477|7131.807053615514|235281.49315081027|263672.5068491897|2018
NYC|10695100|3307.564111245616|10688516.458319422|10701683.541680578|3894289|25115.743047937085|3844297.363970148|3944280.636029852|1570430|19953.918132787858|1530712.7194576776|1610147.2805423224|447263|10845.113471052297|425676.34161157435|468849.65838842565|2018
PHI|12372193|3361.8424115356747|12365501.420065198|12378884.579934802|966789|14830.668356483466|937269.2930519842|996308.7069480158|432607|10932.552757704854|410846.2980650744|454367.7019349256|138958|6975.8762424515535|125072.86566667297|152843.13433332706|2018
PHO|5534553|1789.8465297337646|5530990.3995986115|5538115.6004013885|917553|11804.277942762954|894057.1724872126|941048.8275127874|492405|10391.285040840714|471721.66450589744|513088.33549410256|187777|6534.629373575827|174770.14558959|200783.85441041|2018
SEA|9748796|2978.353118755397|9742867.736408634|9754724.263591366|1498336|16420.68632700838|1465651.4414482831|1531020.5585517169|746260|13234.983959189372|719916.4233960392|772603.5766039608|258378|7872.32285288148|242708.5333224826|274047.4666775174|2018
SFR|13863267|3830.9828242893495|13855641.619432006|13870892.380567994|4161256|26482.762807154395|4108543.379203025|4213968.620796975|1945219|22642.914029559004|1900149.4070096416|1990288.5929903584|510940|11326.921538970772|488394.32664149546|533485.6733585045|2018
SLC|6722625|2614.36032329134|6717421.245944887|6727828.754055113|932458|10566.292933190902|911426.3200097772|953489.6799902228|484335|8742.221559763857|466934.0432584897|501735.9567415103|220020|7070.136844503082|205947.24463150307|234092.75536849693|2018
SNA|5996755|4706.960271767757|5987386.029937515|6006123.970062485|1149312|14777.111030238624|1119898.8962432677|1178725.1037567323|724953|12984.21703838934|699108.5624662644|750797.4375337356|356250|9069.7146812895935|338197.18450589984|374302.81549410016|2018
SND|2753140|2086.566581731817|2748986.793108733|2757293.206891267|798058|11627.728071295784|774913.5862159906|821202.4137840094|341932|8121.86057809416|325765.8409048727|358098.1590951273|96921|4421.25987134889|88120.70235959157|105721.29764040843|2018
SPM|9450005|4768.3079650962145|9440513.920408431|9459496.079591569|794684|13107.185065833168|768594.8007301872|820773.1992698128|406908|12528.282224630795|381971.0780121613|431844.9219878387|145665|6781.31911946341|132167.12193302647|159162.87806697353|2018
WAS|7225102|2908.6300985171697|7219312.516608925|7230891.483391075|1081014|11003.505611849345|1059112.0699416262|1102915.9300583738|486660|10464.764060885464|465830.40817500185|507489.59182499815|181525|6428.0786592884815|168730.22948124344|194319.77051875656|2018
ATL|20348547|4435.682202322434|20339717.995427873|20357376.004572127|2077062|18818.859642656353|2039603.9968679831|2114520.0031320164|1134511|14774.35141385232|1105103.3891222838|1163918.6108777162|558367|10600.559699846042|537267.1137168844|579466.8862831156|2019
BAL|4714471|1498.993062025305|4711487.328944558|4717454.671055442|859744|11022.29787748453|837804.6648725418|881683.3351274582|389236|9382.54971742756|370560.5019424517|407911.4980575483|155726|6324.091148141368|143138.2114446675|168313.7885553325|2019
BOS|11949186|2970.684609648086|11943273.0001942|11955098.9998058|1888946|19307.528696081223|1850515.3254478609|1927376.6745521391|824540|14198.034316411551|796279.5196100441|852800.4803899559|193912|6728.711217610696|180518.83534232897|207305.16465767103|2019
BUF|4775342|3015.4467247822504|4769339.903432719|4781344.096567281|327571|6297.688528341173|315035.76454479946|340106.23545520054|134025|5399.564690787583|123277.43532607068|144772.56467392933|20747|1995.3737995673896|16775.3078011634|24718.6921988366|2019
CHI|30027803|7334.940207663591|30013203.16672163|30042402.83327837|2883486|22268.66100150613|2839161.3390280087|2927810.6609719913|1414993|20259.28586969442|1374667.9001815545|1455318.0998184455|549333|13803.797486561443|521857.22839089966|576808.7716091004|2019
DAL|11402704|3877.263364797393|11394986.500320422|11410421.499679578|1828623|18986.936559118745|1790830.448134276|1866415.551865724|1116733|16957.912349401973|1082979.119799069|1150486.880200931|581202|12265.22697507062|556788.6763889504|605615.3236110496|2019
DEN|4949135|2470.6486294088845|4944217.296916189|4954052.703083811|523467|9427.975392415914|504701.0843981213|542232.9156018788|264564|7444.41913113441|249746.2543753923|279381.74562460766|113579|5820.302788515388|101993.97709099654|125164.02290900346|2019
DET|16964748|4142.272069770406|16956503.013687894|16972992.986312106|1137242|16273.119682470233|1104851.165506927|1169632.834493073|504802|12300.691618766808|480318.0857814496|529285.9142185503|137027|6478.502975225064|124131.86239098676|149922.13760901324|2019
ELP|2648751|3073.653859822215|2642633.045028542|2654868.954971458|448392|10607.834180453614|427277.63422542973|469506.36577457027|232572|7791.005012191945|217064.39243557857|248079.60756442143|92948|4942.791974178157|83109.6186758733|102786.3813241267|2019
HOU|7105013|3360.190627032937|7098324.707860009|7111701.292139991|1742973|15337.799615655436|1712443.873530551|1773502.126469449|982115|14874.390160608264|952508.2669777723|1011721.7330222277|490142|11740.57021613516|466772.9795450722|513511.0204549278|2019
LOS|15087865|3549.4317502946865|15080800.03282643|15094929.96717357|5466794|26203.04386135321|5414638.145837501|5518949.854162499|2492712|24148.9522112244|2444644.712994331|2540779.287005669|842406|11675.497796668027|819166.5029560807|865645.4970439193|2019
MIA|17247195|2424.9442880198303|17242368.269132115|17252021.730867885|4271186|24495.637136028938|4222428.65391287|4319943.34608713|1738457|22393.817738384852|1693883.2207747768|1783030.7792252232|563390|14987.085590600997|533558.9523354513|593221.0476645487|2019
NEW|6949509|1544.3341283543532|6946435.079809551|6952582.920190449|1964750|15556.574944376413|1933785.412131505|1995714.587868495|781295|13079.976441110282|755259.9581429869|807330.0418570131|306395|9341.060568800527|287802.0840270586|324987.9159729414|2019
NOL|17296117|5018.526506854378|17286127.872859385|17306106.127140615|869402|11137.296067717694|847233.7667006161|891570.2332993839|490373|9301.367205954188|471859.0916894809|508886.9083105191|246615|7926.582198526677|230837.5327965362|262392.46720346384|2019
NYC|10660554|3077.222879480783|10654428.941072611|10666679.058927389|3821120|25035.5852747644|3771287.914026611|3870952.085973389|1496106|18250.58707959829|1459779.1151105904|1532432.8848894096|463034|12291.006189486685|438569.3641461964|487498.6358538036|2019
PHI|12378287|3353.4969733100997|12371612.031244468|12384961.968755532|955896|15855.167619738368|924337.078278058|987454.921721942|416201|11399.956835444598|393509.9535202749|438892.0464797251|131628|6812.767745197249|118067.5250093231|145188.4749906769|2019
PHO|5640228|1367.964601150191|5637505.134572053|5642950.865427947|925117|12377.095499348789|900481.0076612828|949752.9923387172|498462|11172.02874369736|476224.63303841057|520699.36696158943|203028|7776.713868980908|187548.8382445874|218507.1617554126|2019
SEA|9861740|3253.495182108005|9855264.07983079|9868215.92016921|1507605|17054.60731884496|1473658.6532768128|1541551.3467231872|759151|12512.617416032506|734245.2580337289|784056.7419662711|250291|7354.896124351451|235651.4454630639|264930.5545369361|2019
SFR|13905398|4404.739419080316|13896630.585497282|13914165.414502718|4155549|22639.715558063|4110485.773407903|4200612.2265920965|1874771|18566.11811203408|1837816.0663007444|1911725.9336992556|539006|12465.481978246971|514194.0787757784|563817.9212242216|2019
SLC|6844862|2647.9979984886695|6839591.29182722|6850132.70817278|946751|11729.549413766925|923403.9159034628|970098.0840965372|482625|10845.548513099742|461037.4756820396|504212.5243179604|224252|7476.265411286574|209370.8659403684|239133.1340596316|2019
SNA|6112333|5028.002824183774|6102325.010721566|6122340.989278434|1152440|12519.637864171633|1127520.2841812545|1177359.7158187455|708966|12306.174893117684|684471.1715968652|733460.8284031348|342038|11012.126822280972|320118.90985151|363957.09014849|2019
SND|2755059|1801.3240408099816|2751473.554184277|2758644.445815723|778832|9202.665027045156|760514.5534622405|797149.4465377595|319014|8774.017306798523|301549.7554071201|336478.2445928799|87277|4762.049128264009|77798.3783115207|96755.6216884793|2019
SPM|9483563|5852.834531233563|9471913.224276865|9495212.775723135|783758|14301.248060921118|755292.0777905864|812223.9222094136|358854|12017.226743304796|334934.3085024058|382773.6914975942|131222|7035.83337281377|117217.52398393868|145226.47601606132|2019
WAS|7257097|2225.0211122593873|7252668.206259337|7261525.793740663|1100299|11700.828970632809|1077009.082515537|1123588.917484463|490886|10153.07389414654|470676.8119329139|511095.1880670861|184325|6615.674761503924|171156.82878015036|197493.17121984964|2019
